{
  "auths": {
    "docker.pkg.github.com": {
      "auth": "VVNFUk5BTUU6Z2h1XzdGRnFDSlkzMEllUTR2bkxPc091UEtKVTFNUXlSVDFhU3ZMVw=="
    },
    "ghcr.io": {
      "auth": "YnJ1Y2VzcGVuY2VydGF5bG9yOmdodV83RkZxQ0pZMzBJZVE0dm5MT3NPdVBLSlUxTVF5UlQxYVN2TFc="
    },
    "https://index.docker.io/v1/": {
      "auth": "Y29kZXNwYWNlc2RldjpkZjBlZTZhZC1mOWIyLTQyM2MtODc4Zi02MzVkMGM5NGRjYzI="
    }
  },
  "HttpHeaders": {
    "X-Meta-Source-Client": "github/codespaces"
  },
  "credHelpers": {
    "us-central1-docker.pkg.dev": "gcloud",
    "gcr.io": "gcloud",
    "us.gcr.io": "gcloud",
    "eu.gcr.io": "gcloud",
    "asia.gcr.io": "gcloud",
    "staging-k8s.gcr.io": "gcloud",
    "marketplace.gcr.io": "gcloud"
  }
}