{"Modules":[{"Key":"","Source":"","Dir":"."},{"Key":"gcp-network","Source":"registry.terraform.io/terraform-google-modules/network/google","Version":"6.0.0","Dir":".terraform/modules/gcp-network"},{"Key":"gcp-network.firewall_rules","Source":"./modules/firewall-rules","Dir":".terraform/modules/gcp-network/modules/firewall-rules"},{"Key":"gcp-network.routes","Source":"./modules/routes","Dir":".terraform/modules/gcp-network/modules/routes"},{"Key":"gcp-network.subnets","Source":"./modules/subnets","Dir":".terraform/modules/gcp-network/modules/subnets"},{"Key":"gcp-network.vpc","Source":"./modules/vpc","Dir":".terraform/modules/gcp-network/modules/vpc"},{"Key":"gke","Source":"registry.terraform.io/terraform-google-modules/kubernetes-engine/google//modules/private-cluster","Version":"24.1.0","Dir":".terraform/modules/gke/modules/private-cluster"},{"Key":"gke_auth","Source":"registry.terraform.io/terraform-google-modules/kubernetes-engine/google//modules/auth","Version":"24.1.0","Dir":".terraform/modules/gke_auth/modules/auth"}]}